Lat_dec,Long_dec,Elevation,Name
21.865,36.50916,2180,Jabal Asoteriba (new)
20.74583,36.84083,2218,Jabal Erba (new)
-33.97583,-69.88166,5468,Cerro Castillo
57.24111,-131.1675,2987,Scud Peak
36.95055,74.83583,6407,Mintaka Sar
54.14305,-120.57416,2949,Mt. Ovington
41.68944,78.975,5318,Pt. 5318
58.06972,-125.70111,2533,Gataga Peak
36.25583,117.10555,1545,Tai Shan
30.01555,66.82805,3313,Chiltan
34.22972,74.02833,4398,Pt. 4398
35.92833,75.8225,7145,Latok I
28.10416,89.545,6678,Kangcheda I
27.71166,88.31833,6887,Siniolchu
35.5425,101.5025,5000,Pt. 5000�
37.92527,75.87694,5110,Pt. 5110�
29.83333,94.86666,6846,Tiba Kangri
36.41472,82.315,6120,Pt. 6120�
27.77194,87.10333,6758,Tutse
20.93333,-100.18333,3370,Cerro el Zamorano
31.59611,83.44277,6600,Kuhanbo Kang I
56.88555,-130.58,2239,Faisal Peak
-3.07583,37.35166,5895,Kilimanjaro
13.23666,38.3725,4533,Ras Dejen
0.38416,29.87333,5109,Ngaliema
4.2175,9.17166,4040,Mt. Cameroon
-0.15083,37.3075,5199,Mt. Kenya
31.06194,-7.91611,4167,Jebel Toubkal
-1.50444,29.45055,4507,Volc�n Karisimbi
-3.24666,36.74833,4565,Mt. Meru
-21.09555,55.48027,3069,Piton des Neiges
3.58333,8.76666,3011,Pico Basil�
19.79166,18.55,3415,Emi Koussi
-14.02333,48.96583,2876,Maromokotro 
6.82583,39.8175,4400,Sante YeTerara Ch'af
6.20166,10.5175,3011,Mt. Oku
12.93333,24.2275,3042,Jebel Marra
1.11833,34.525,4321,Mt. Elgon
-29.46833,29.26916,3482,Thabana Ntlenyana
-11.75666,43.36166,2361,Le Kartala
23.28888,5.53416,2908,Tahat
-15.95,35.59083,3002,Sapitwa Peak
14.95083,-24.34333,2829,Pico de Fogo
10.71333,37.84833,4100,Ch'ok'e Terara
6.10583,36.7425,3418,Argun
-7.0925,37.61833,2653,Kimhandu
3.94583,32.91,3187,Kinyeti 
-0.31166,36.61416,4001,Oldoinyo Lesatima
10.95166,39.10333,4270,Amba Farit
-4.435,35.4,3420,Mt. Hanang
6.1975,37.38083,3568,Guge
-3.05,35.81916,3682,Loolmalassin
0.26972,6.54166,2024,Pico de S�o Tom�
17.03333,-25.29583,1979,Tope de Coroa 
-2.61333,36.10333,2948,Gelai Peak
12.14083,39.18166,4260,Abune Yosef
31.50833,-6.44333,4071,Ighil M'Goun
34.84055,-4.51722,2456,Koudiet Tirbirhine
13.39083,41.7275,2248,Ramlo
-22.195,46.885,2658,Pic Boby
2.525,34.7725,3083,Moroto
-2.89333,36.22916,2858,Kitumbeine Hill
-21.14916,14.5775,2606,K�nigstein
-15.3575,37.065,2436,Serra Namuli
1.65916,35.3825,3334,Chepunyal Hills
-4.2675,37.93166,2464,Shengena
26.97916,33.4875,2187,Jebel Shayib al Banat
8.8775,34.81166,3301,Tulu Welel
-33.755,19.18666,1995,Dutoitspiek
4.19583,33.13,2623,Emogadong
-4.72694,38.22972,2300,Sungwi
36.4475,4.22833,2308,Lalla Khedidja
6.2325,36.2975,2560,Mt. Smith
1.7625,34.70916,3063,Kadam
-9.07833,34.02083,2980,Mtorwi
9.2275,-11.11555,1945,Bintimani
-19.34916,47.24333,2643,Tsiafajavona
7.14916,36.54416,3358,Aggio
33.56833,-3.88583,3340,Adrar Bou Nasser
35.31833,6.6375,2328,Djebel Ch�lia
-13.78583,13.17583,2489,Mt. Tama
11.47416,36.19416,2731,Belaya
6.55,36.72583,3405,Argun North
7.90944,39.39277,4195,K'ech'a Terara
30.96333,-8.44333,3615,Jebel Igdet
12.46888,42.40388,2021,Moussa Ali
-5.1375,29.05166,2725,Kabobo
11.32611,49.74833,2120,Karkoor
-12.215,44.425,1595,Ntingui� 
-2.95305,28.78527,3480,Mont Mohi
13.51777,44.05222,3006,Jabal Sabir
7.49111,37.20611,3359,Mai Gudo
21.04083,16.47333,3315,Pic Toussid�
-0.1425,29.42416,3095,Wuhevi
12.85888,39.4975,3950,Dubbai
2.73027,36.92611,2285,Mt. Kulal
-33.39833,21.3675,2325,Seweweekspoortpiek
3.36083,8.53916,2261,Gran Caldera de Luba
-1.38305,29.6775,4127,Muhavura
-7.68666,36.88083,2279,Karenga
-18.3,32.84166,2592,Mt. Nyangani
-12.46333,15.1725,2620,Moro de Moco
11.71083,38.23666,4120,Guna Terara
5.82194,37.84111,3240,K'ech'a Terara
2.19166,36.81583,2848,Mt. Ng'iro
9.25666,41.72916,3405,Gara Muleta
10.73583,47.24333,2416,Shimbiris
24.20416,35.00333,1977,Jabal Hamatah
35.35833,-5.27416,1926,Jebel Kelti
-4.47916,35.71166,2054,Serra Chiperone
-7.505,29.985,2480,Marungu
4.12583,33.80166,2795,Jabal Lotuke
-1.51916,29.2525,3472,Volc�n Nyiragongo
5.02083,9.84083,2411,Massif du Manengouba
0.95,37.4,2688,Warges Range
31.3375,-6.99833,3610,Jebel Anrhomer
3.815,34.03166,2750,Morungole
17.56166,38.00416,2772,Jebel Hamoyet
63.06944,-151.00722,6194,Denali
61.73111,-143.43527,4996,Mt. Blackburn
63.61972,-146.71833,4216,Mt. Hayes
61.43722,-147.75277,4016,Mt. Marcus Baker
54.75527,-163.96944,2869,Shishaldin Volcano
60.48472,-152.74527,3108,Redoubt Volcano
61.40888,-152.41388,3479,Mt. Torbert
56.21972,-159.29833,2507,Mt. Veniaminof
55.41944,-161.895,2515,Pavlof Volcano
60.31888,-139.07277,4557,Mt. Hubbard
69.27694,-144.91166,2749,Mt. Chamberlin
60.03194,-153.09027,3053,Iliamna Volcano
60.18638,-139.97694,4196,Mt. Cook
62.21361,-144.13111,4949,Mt. Sanford
60.65194,-143.6975,3417,Mt. Tom White
63.23861,-144.64388,3155,Mt. Kimball
62.96027,-151.40027,5304,Mt. Foraker
58.35388,-155.095,2332,Mt. Griggs
58.66277,-137.17472,3879,Mt. Crillon
 Mt. Hesperus,61.80388,2996,North Buttress
53.12333,-168.69222,2103,Mt. Vsevidof
61.38527,-141.75055,5045,Mt. Bona
62.11583,-144.64,3661,Mt. Drum
57.13333,-156.98611,2111,Mt. Chiginagak
60.79861,-153.39388,2873,Neacola Mtns. HP
62.42305,-152.72555,2739,Kichatna Spire
60.83027,-145.13194,2464,Pt. 8084
54.57083,-164.69333,1991,Pogromni Volcano
61.16055,-144.81305,2441,Pt. 8010
58.85916,-153.53527,2149,Mt. Douglas
67.41305,-154.96638,2523,Mt. Igikpak
58.17305,-133.40166,2003,Snow Tower
59.91277,-150.43583,2015,Truuli Peak
53.88555,-166.93305,1829,Makushin Volcano
61.52166,-141.10305,4095,Mt. Natazhat
51.8825,-178.14388,1806,Tanaga Volcano
61.06694,-143.70833,2592,Hanagita Peak
62.13111,-148.60444,2697,Sovereign Mtn.
60.57722,-148.89138,1991,Isthmus Peak
54.76833,-163.73083,2471,Isanotski Peaks
55.06777,-162.83527,1769,Frosty Peak
52.08194,-176.13583,1740,Great Sitkin Volcano
52.82388,-169.94666,1730,Mt. Cleveland
62.00638,-144.01777,4317,Mt. Wrangell
60.52027,-143.09388,3266,Mt. Steller
62.79833,-151.88416,3557,Mt. Russell
57.01472,-134.98861,1643,Baranof Is. HP
60.92833,-142.52388,2596,Pt. 8517
60.19138,-139.435,3368,Mt. Foresta
52.89222,-170.05888,1610,Carlisle Is. HP
61.3075,-148.87027,2440,Bashful Peak
60.46083,-142.30333,3277,Mt. Miller
51.78833,-178.79416,1573,Mt. Gareloi
63.63777,-147.23888,3761,Mt. Deborah
61.1125,-153.46944,2541,Pt. 8336
61.495,-153.62277,2587,Pt. 8488
60.30527,-140.46027,4289,Mt. Augusta
52.38055,-174.16611,1533,Korovin Volcano
61.32972,-144.96,2108,Pt. 6915
61.28333,-141.14333,4521,Mt. Bear�
60.45666,-153.675,1905,Pt. 6200+
-83.33333,165.8,4160,Mt. Miller
-77.03333,-126.1,4285,Mt. Sidley
-64.26666,-62.41666,2520,Mt. Parry
-84.33333,166.41666,4528,Mt. Kirkpatrick
-71.78333,168.75,4165,Mt. Minto
-64.63333,-63.45,2760,Mt. Francais
-69.81666,-69.71666,2987,Mt. Stephenson
-73.43333,-126.66666,3110,Mt. Siple
-77.52916,167.15277,3794,Mt. Erebus
-78.58333,-85.41666,4892,Mt. Vinson
-86.3,158,3938,Pt. 3938
-78.51666,163.58333,2725,Mt. Morning
-72.95,169.38333,2025,Mt. Brewster
-80.21666,157.43333,3490,Mt. McClintock
-64.21666,-57.63333,1630,Mt. Haddington
-67.66666,-67.5,1632,Mt. Verne
-78.36666,165.01666,2680,Mt. Discovery
-80.36666,77.35,4091,Dome Argus
-68.83055,-90.62777,1640,Lars Christiansen Peak
-83.9,168.38333,4480,Mt. Elizabeth
-77.51666,168.53333,3230,Mt. Terror
-74.35,164.7,2730,Mt. Melbourne
-62.66861,-60.1875,1700,Mt. Friesland
-76.8,-117.7,3675,Mt. Frakes
-84.55,175.31666,4230,Mt. Kaplan
-73.06666,165.7,3655,Mt. Supernal
-73.41666,166.3,3501,Mt. Murchison
-70.58333,-70.16666,2486,Pt. 2486
-75.8,-115.81666,3595,Richmond Peak
-73.53333,169.7,2000,Hawkes Heights
-75.33333,-110.73333,2705,Mt. Murphy
-69,71,2896,Gora Georgia Pobedonosca
-82.85,161.35,4350,Mt. Markham
-63.005,-62.535,2105,Mt. Foster
-76.28888,-112.15583,3460,Mt. Takahe
-71.38333,-63.36666,3184,Mt. Jackson
-61.28333,-54.13333,2300,Mt. Irving
-67.53333,-68.61666,2315,Mt. Gaudry
-78.06666,162.68333,4025,Mt. Lister
45.7425,82.7575,3282,Kertau
48.63083,86.83916,3085,Dzhata
44.31,81.98416,3698,Kokirqin Shan
47.04916,85.56666,3840,Sauyr Zhotasy
45.04166,80.2575,4622,Gora Alagordy
49.14583,87.81916,4374,Nayramadlin Orgil
45.1925,90.90666,3315,Dunheger
45.18,141.23916,1721,Rishiri-fuji
47.18833,82.46583,2993,Khrebet Tarbagatay HP
49.8075,86.59,4506,Gora Belukha
47.68861,92.565,3796,Jargalant Hayrhan
47.60833,97.5525,4000,Otgon Tenger Uul
44.79916,95.24,3802,Ich Obo
44.995,100.23083,3957,Tergun Bogd
46.6175,93.59416,4220,Sutay Uul
48.68166,90.725,4208,Tsast Ula
49.57,91.38583,4040,Harhiraa Uul
46.89,91.47333,4231,Munkh Hayrhan
46.78916,95.80083,3578,Hasagt Hayrhan Uul
44.89666,101.57666,3600,Myangan Yamaat
48.75,91.62,3350,Altan Hohiy
47.2875,93.03083,3470,Bumbag Hayrhan Uul
49.79916,89.75416,4029,Turgen Uul
46.96916,92.725,3984,Baatar Hayrhan
51.71916,100.5975,3491,Munku Sardyk
56.05416,160.64083,4750,Klyuchevskaya Sopka
56.65333,161.36166,3307,Shiveluch
55.67833,157.71833,3607,Ichinsky V.
53.32083,158.7125,3456,Koryaksky V.
54.7525,160.5325,3527,Kronotsky
50.86083,155.56416,2339,Alaid V.
53.58833,159.14833,2923,Zhupanovsky V.
55.83083,160.32583,3672,Mt. Ostry Tolbachik
56.86416,117.575,3072,Pik BAM
55.97416,114.43444,3067,Yuzhno Muiskyy Khrebet HP
52.54333,157.33916,2460,Opala V.
48.89666,138.05333,2090,Gora Tardoki-Yani
51.30583,156.87583,2161,Kambalny V.
57.92083,160.67583,2616,Gora Khuvkhoitun
53.60666,134.575,2370,Yam-Alin Range HP
56.6925,159.645,2598,Gora Alney
56.35583,111.6475,2641,Verkhne-Angarskiy Khrebet HP
44.35333,146.2475,1819,Tyatya V.
50.32333,155.46083,1816,Chikurachki V.
50.0625,87.56416,4177,Severo-Chuyskiy Khrebet HP
57.12166,117.98833,2966,North Kodar Group HP
52.0625,157.71,2089,Khodutka V.
54.97416,160.70333,2577,Gora Gamchen
52.44833,158.1975,2322,Mutnovsky V.
51.57666,157.32833,1957,Zheltovsky V.
54.62166,110.45583,2841,Barguzinskiy Khrebet HP
50.27916,90.11916,3970,Gora Mungun-Tayga
55.8975,130.45333,2380,Tokinskiy Stanovik HP
44.8375,147.34333,1634,Gora Stokap
55.75833,160.52666,2920,Gora Bolshaya Udina
50.2675,155.2475,1772,Fussa V.
53.90416,158.07,2276,Gora Bakening
52.705,158.28166,2173,Vilyuchinsky V.
50.85166,143.14166,1609,Gora Lopatina
55.06,108.685,2588,Gora Cherskogo
56.06916,115.86166,2363,Gora Shaman
55.86083,160.60583,3080,Gora Oval'naya Zimina
53.25583,158.83666,2741,Avachinsky V.
54.52833,159.80416,2353,Sopka Taunshits
45.3375,147.91916,1585,Gora Bogdan Khmel'nitskiy
46.81472,151.78666,1539,Milne V.
53.89333,96.0075,2891,Pik Grandiozniyy
55.13083,160.32,2375,Kizimen V.
52.58,94.27,2522,Khrebet Baldyrgannyg HP
56.67222,119.125,2570,Khrebet Udokan HP
59.0675,151.53166,1548,Skalistaya
52.4325,137.66166,1573,Omel'dinskiy Khrebet HP
52.84333,99.69416,3149,Khrebet Kropotkina HP
53.64083,97.2375,2938,Bolshoi Sayan Range HP
27.98833,86.92416,8848,Mt. Everest
-4.08361,137.18472,4884,Puncak Jaya
43.355,42.43916,5642,Gora El'brus
35.95583,52.10861,5610,Kuh-e Damavand
35.23777,74.58972,8125,Nanga Parbat
42.035,80.125,7439,Jengish Chokusu
43.80166,88.3325,5445,Bogda Shan
29.63166,95.055,7782,Namcha Barwa I
6.075,116.55833,4095,Gunung Kinabalu
35.8825,76.51333,8611,K2
23.47,120.9575,3952,Yu Shan
27.70333,88.1475,8586,Kangchenjunga
36.25416,71.84333,7708,Tirich Mir
-1.69666,101.26416,3805,Gunung Kerinci
35.36055,138.72777,3776,Fuji-san
-8.1075,112.9225,3676,Gunung Semeru
-8.41,116.45833,3726,Gunung Rinjani
29.59583,101.87916,7556,Minya Konka
39.7025,44.3,5137,Ararat
38.59416,75.31333,7649,Kongur Tagh
-3.385,120.02416,3478,Bulu Rantemario
38.9425,72.015,7495,Pik Imeni Ismail Samani 
28.69666,83.48833,8167,Dhaulagiri I
38.26722,47.83472,4811,Kuh-e-Sabalan
-7.23916,109.22,3428,Gunung Slamet
43.07333,94.34666,4886,Tomurty
27.09833,100.175,5596,Shanzidou
30.37666,79.97083,7816,Nanda Devi
36.51,74.5225,7795,Batura Sar I
-7.6275,111.19416,3265,Gunung Lawu
28.55,84.56083,8163,Manaslu
42.26166,80.89,6627,Xuelian Feng
-8.12583,114.04583,3332,Gunung Raung
-3.17333,129.455,3027,Gunung Binaiya
-8.34083,115.50333,3031,Gunung Agung
28.04833,90.45416,7570,Kangkar P�nzum
28.59583,83.82083,8091,Annapurna I
43.11833,77.34083,4978,Talghar Shyngy
6.9875,125.27083,2954,Mt. Apo
-8.90666,125.49333,2963,Mt. Ramelau
29.81416,94.96833,7294,Gyalha Peri
38.86583,75.10833,6727,Chakragil
3.7975,97.21916,3466,Gunung Leuser
16.5975,120.89916,2922,Mt. Pulog
28.6,61.1325,3941,Kuh-e Taftan
23.23694,57.26388,3019,Jebel Shams
28.3525,85.77916,8027,Shisha Pangma
25.74,95.0375,3826,Saramati
-5.34666,119.93166,2874,Moncong Lompobatang
36.17916,70.98333,6843,Kuh-e Bandaka
36.15416,72.3275,6542,Buni Zom
30.92,79.59166,7756,Kamet I
36.1425,74.48916,7788,Rakaposhi
31.54333,103.85333,4969,Jiuding Shan
-7.76416,112.58916,3339,Gunung Arjuna
-6.89333,108.40666,3078,Gunung Careme
39.34333,72.8775,7134,Ibn Sina Peak 
30.43583,81.29583,7694,Gurla Mandhata
-1.15666,133.98,2940,Pegunungan Arfak
-4.70833,140.28916,4760,Puncak Mandala
-7.96416,113.56666,3088,Gunung Argopuro
29.51166,57.27166,4500,Kuh-e Hazar
38.27833,75.11583,7509,Muztagh Ata
-8.24666,117.95833,2722,Gunung Tambora
-3.3,126.22,2700,Gunung Kapalatmada
37.1625,72.48166,6723,Pik Karla Marxsa
41.05916,77.68333,5982,Pik Dankova
31.10666,102.90166,6250,Yaomei Feng
30.95166,51.4375,4409,Kuh-e Dinar
41.99333,128.0775,2744,Paektu-san
7.445,126.22666,2670,Mt. Tagubud
13.2625,120.995,2582,Mt. Halcon
43.57916,85.11916,5248,Borgora
35.64222,76.30666,7821,Masherbrum
36.73,73.24,6872,Koyo Zom
-7.385,110.0725,3320,Gunung Sumbing
0.5775,120.205,3030,Fuyul Sojol
36.32583,75.18833,7885,Disteghil Sar I
38.5,97.725,5808,Kangze'gyai
7.00083,80.77333,2524,Pidurutalagala
39.25083,93.69666,5830,Altun Shan
37.48583,44.005,4136,Uludoruk Tepe
10.17,77.06083,2694,Anai Mudi
38.09333,71.095,5326,Kuh-e Safed Khers HP
26.14916,102.91333,4330,Hung-Wang Shan HP 
13.25583,123.68583,2462,Mayon Volcano
41.22166,47.85833,4466,Gora Bazardyuzi
36.77833,71.45166,5467,Kuh-e Chuk Shakh
-4.01583,103.12833,3159,Gunung Dempo
8.11722,124.92361,2938,Mt. Katanglad
28.50972,33.95527,2629,Jebel Katarina
28.53333,84.12166,7937,Annapurna II
36.61166,75.08027,6977,Karun Kuh
-7.455,110.44,3145,Gunung Merbabu
10.41,123.13,2430,Canlaon Mtn.
-6.76916,106.965,3019,Pangrango
38.535,35.45083,3917,Erciyes Dagi
28.07583,60.01083,3503,Kuh-e Zendan
34.30083,36.11666,3087,Qornet es Saouda
27.89,87.08833,8485,Makalu
28.7625,83.38916,7751,Dhaulagiri II
38.51,72.35416,6940,Qullai Istiqlol
-8.65166,120.44833,2370,Poco Mandasawu
29.16583,96.72416,6882,Bairiga
28.3925,85.13,7422,Yangra Kangri
27.82416,89.26916,7090,Chomolhari
39.455,73.56666,6610,Gora Khurumdy
42.69916,44.51833,5034,Gora Kazbek
37.79694,35.15555,3756,Demirkazik Tepe
28.09416,86.66083,8188,Cho Oyu
36.52166,80.315,5470,Tekilik Shan
0.07916,99.98416,2912,Talakmau
34.865,77.7525,7672,Saser Kangri I
33.98,76.02166,7135,Nun
34.03833,69.9025,4755,Sikaram Sar
39.23583,71.91083,5900,Pik Sat
36.28916,137.64805,3190,Hotaka-dake
8.2175,123.63666,2404,Mt. Malindang
43.66361,142.85416,2290,Asahi-dake
40.83638,41.16083,3932,Kackar Dagi
31.60583,54.06833,4050,Shir Kuh
35.84,74.8975,7406,Haramosh
31.44,110.3075,3100,Dashennongjia
28.43833,98.68333,6740,Kawagebo
39.19888,68.19527,5489,Gora Chimtarga
-1.29916,121.5425,2870,Bulu Kandela
30.37083,90.58583,7162,Nyainq�ntanglha Feng
33.955,107.76333,3750,Taibai Shan
35.67416,138.23666,3192,Kita-dake
-3.665,121.23583,2650,Gunung Mekongga
28.72916,102.37916,4750,Huatou Jian
-3.87083,135.87083,3750,Pegunungan Kobowre
15.06916,107.975,2598,Ngoc Linh
32.80833,81.00083,6720,Nganglong Kangri
27.865,92.5325,7060,Kangt�
42.50583,74.58083,4895,Pik Semionova Tien-Shanskogo 
36.00166,74.87583,7453,Malubiting West
38.93166,42.83416,4058,S�phan Dagi
28.94833,90.17833,7206,Norin Kang
30.90416,93.7875,6980,Sepu Kangri
32.4175,77.07083,6200,Shikar Beh
35.72583,76.695,8080,Gasherbrum I 
35.405,76.8475,7742,Saltoro Kangri I
37.14583,73.215,6286,Kuh-e Belandtarin
32.67583,103.84666,5588,Xuebao Ding
21.23333,93.90333,3070,Mt. Victoria
38.42416,73.3025,6233,Soviet Officers Peak
40.52277,44.19583,4090,Aragats Lerrnagagat
-2.74833,119.36833,3074,Tanete Gandangdewata
4.6325,102.23416,2187,Gunung Tahan
36.59,73.34166,6518,Ghamubar Zom
42.57416,45.315,4493,Tebulosmta
-7.81388,111.76,2563,Gunung Liman
11.38916,122.16166,2117,Mt. Madiac
34.64333,67.625,5060,Shah Fuladi
-0.73666,127.52416,2111,Buku Sibela
28.555,84.94444,7165,Chamar 
29.94916,102.05,6070,Lamo-She
-0.38,100.47416,2891,Gunung Marapi
-7.3225,107.86,2820,Gunung Cikuray
38.83333,105.95,3540,Helan Shan HP
39.61944,70.71888,5621,Pik Skalistiy
32.365,50.0775,4200,Zard Kuh
32.08916,77.73333,6633,Parvati Parvat
43.38166,93.35583,4320,Barkol Shan
27.88666,56.3475,3240,Kuh-e Fareghan
27.43166,55.13416,2681,Kuh-e Shab
11.4025,76.7375,2636,Doddabetta
8.81833,117.675,2085,Mt. Mantaling
33.72333,78.52833,6725,Kangju Kangri
18.98083,103.15166,2830,Phou Bia
12.40583,108.42416,2420,Chu Yang Sin
37.39277,34.63,3524,Medetsiz Tepe
24.11166,99.64,3500,Daxue Shan
-8.64166,126.59583,2372,Gunung Matebeanfeto
12.41666,122.56916,2050,Sibuyan Island HP
30.00666,80.92916,7132,Api
27.95333,88.8425,7107,Pauhunri
27.5775,88.21583,6691,Pandim
37.91333,87.38916,6245,Sulamutag Feng
43.0525,43.135,5205,Gora DykhTau
-1.06583,122.19166,2565,Gunung Tumpu
4.04583,114.93,2376,Gunung Mulu
27.42583,56.1725,2350,Kuh-e Genu
-0.65916,112.68833,2300,Bukit Raya
15.48166,120.12083,2037,High Peak
-2.57083,138.67416,2230,Pegunungan Gauttier
30.3425,93.915,6842,Pt. 6842
30.33583,130.5025,1936,Miyanoura-dake
4.65,101.36166,2180,Gunong Yong Belar
36.43166,71.82833,7492,Noshaq
28.20333,87.6075,6724,Ny�nno Ri
36.28833,76.38833,6792,Surukwat Kangri
29.18083,98.46,6324,Damyon
-9.56083,124.23,2351,Nuaf Nefomasi
-2.73333,134.58416,2180,Pegunungan Wondiwoi
33.76666,133.11416,1982,Tengu-dake
27.21333,103.0775,4050,Yao Shan
35.295,77.02166,7428,K12
36.5475,72.11666,7338,Saraghrar
35.41861,76.55111,7282,K6
36.72416,84.60166,6748,Ak Tag
37.88916,72.18916,6080,Pik Patkhor
30.07,57.46583,4229,Kuh-e Palvar
26.15833,103.23583,4030,Pt. 4030
32.44083,57.36916,2960,Kuh-e Nay Band
27.61333,56.66916,2650,Khvoshkuh
3.905,115.48833,2423,Gunung Murud
36.60472,30.11722,3070,Bey Daglari
27.86083,117.78416,2170,Huanggang Shan
29.8075,99.60583,6204,Ge'nyen
28.30416,86.35083,7367,Lapche Kang 
33.68,74.54083,4745,Sanset
30.4925,50.89916,3190,Kuh-e Hami
6.36,125.07583,2286,Mt. Matutum
3.82333,102.09416,2107,Gunung Benum
13.65916,123.37333,2000,Mt. Isarog
33.36166,126.52916,1950,Halla-san
-8.19666,119.07,1949,Pulau Sangeang
36.4125,87.385,6973,Ulugh Muztagh
29.83333,84.61333,7095,Lunpo Gangri
35.31583,80.91583,7167,Liushi Shan
34.79833,99.4625,6282,Dradullungshog
28.8,91.965,6636,Yarla Shampo
38.19,88.90833,6065,Yusupu Aleketag Shan
28.90416,98.38416,5841,Pt. 5841
38.425,72.76,5735,Gora Radzhi-Bek
24.38333,121.23,3884,Hsueh Shan
38.1275,34.16666,3268,Hasan Dagi
21.57083,104.30666,2985,Phu Luong
31.4525,100.22333,5992,Kawarani
26.31333,114.03666,2140,Nanfengmian
14.0675,121.4925,2170,Banahaw
27.145,98.15166,3677,Hkaru Bum
36.02416,90.86583,6860,Buka Daban Feng
31.88472,78.73555,6816,Reo Purgyil
32.52583,78.4,6794,Gya
36.10833,76.2125,7295,Huang Guan Shan
28.7375,84.41694,7140,Nemjung
28.39666,100.34916,6032,Xiannairi
27.89416,103.23666,4041,Daliang Shan HP
34.10333,73.4075,2981,Miranjani
35.97083,138.36916,2899,Aka-dake
35.9475,75.75333,7285,Baintha Brakk I
42.03666,80.50416,6588,Pt. 6588
36.15416,136.77,2702,Haku-san
-1.68416,120.99833,2590,Pegunungan Pompangeo
-0.66166,132.88916,2500,Bon Irau
39.09916,140.05083,2236,Chokai-san
36.57916,54.76416,3890,Kuh-e Shahvar
35.54083,74.88166,5940,Dofana
42.82666,140.81138,1898,Yotei-zan
42.21083,80.175,7010,Khan Tangiri Shyngy
29.37833,82.63916,6883,Kanjiroba
33.48166,79.33666,6260,Bangong
36.28083,59.04916,3314,Kuh-e Siah Khvani
-2.50666,140.525,2000,Pegunungan Cycloop
29.115,97.0775,6327,Yuhe Kangri
13.46666,98.805,2072,Myinmoletkat Taung
1.45333,125.03083,1990,Gunung Klabat
31.69666,85.06333,6822,Shakangsham
29.89083,81.495,7030,Saipal
36.72666,73.89083,6416,Chiantar Sar
28.82416,98.06083,6146,Baxoila Ling
34.55611,75.83555,5608,Pt. 5608
36.25583,69.795,5120,Pt. 5120�
18.58833,98.4875,2576,Doi Inthanon
18.89833,109.70416,1840,Wuzhi Shan
9.09666,125.705,1920,Mt. Hilong-hilong
28.155,90.0625,7207,Tongshanjiabu
43.43833,86.08333,5289,Heyuan Feng
41.96,46.92333,4127,Gora Dyul'tydag
37.73083,46.5,3707,Kuh-e Sahand
34.41833,47.24333,3360,Kuh-e Parau
33.53333,57.2275,2920,Eshdeger Range HP
36.37583,50.9625,4805,Alam Kuh
2.78083,125.40666,1827,Karangetang
22.6425,98.07416,2673,Loi Leng
39.15916,46.00583,3905,Kaputzhukh Lerr
35.14083,77.5775,7516,Mamostong Kangri
36.43666,72.86083,6320,Shah Dok
42.33833,46.25166,4152,Gora Addala Shukgelmezr
31.6825,69.9375,3441,Obasta Tsukai
28.82833,65.195,3003,Ras Koh
33.41333,35.85666,2814,Mt. Hermon
8.59833,125.09833,2480,Mt. Mangabon
2.91833,98.42333,2457,Gunung Sibuatan
-8.22083,125.02083,1821,Dola Koyakoya
25.97694,56.23166,2087,Jebel al Harim
37.755,44.32,3800,Mor Dagi
4.25166,97.42083,3079,Bukit Mugajah
33.22,60.2475,2887,Kuh-e Mirza 'Arab
-2.71083,115.62583,1892,Gunung Besar
30.685,79.70583,6727,Hathi Parbat
36.64833,72.82833,6050,Shayaz Zom
27.31833,100.1,5396,Haba Xueshan
42.54333,85.34416,4810,Pt. 4810�
27.57666,100.31083,4520,Pt. 4520�
33.33916,49.30333,4139,Oshtoran Kuh
33.95916,48.48166,3630,Kuh-e Garin
36.55166,45.005,3587,Kuhe Haji Ebrahim
-2.5025,101.85833,2933,Gunung Masurai
1.06166,120.935,2260,Bukii Dako
33.08166,131.24,1791,Kuju-san
23.975,110.0975,1979,Shengtang Shan
39.07916,113.56666,3061,Beitai Ding
30.13416,118.16416,1864,Lian Hua Feng
37.73416,71.42166,5120,Pt. 5120�
35.93,71.08,6290,Kuh-e Shashgal
42.67583,44.7575,4451,Gora Shan
-7.3025,109.99583,3150,Gunung Sendoro
36.52833,29.185,1969,Babadag
-8.58,117.12166,1840,Olet Sangenges
27.88166,108.68166,2570,Fenghuang Shan
36.97333,59.35666,3120,Kuhha-ye Hezar Masjed
36.205,75.41833,7760,Kanjut Sar I
35.82861,76.36138,7276,Muztagh Tower
27.93666,92.66666,6983,Nyegyi Kansang
35.78083,72.28277,6050,Thalo Zom
29.3225,94.74916,5980,Pt. 5980
27.55,102.355,4300,Baibaidin Shan
28.8175,56.41333,3856,Kuh-e Khabr
-3.50666,136.4225,3640,Undundi-Wandandi
26.735,100.46166,3480,Pt. 3480
22.62583,102.7875,3076,Phu Si Lung
39.85333,141.00083,2038,Iwate-san
0.66416,127.40166,1750,Pulau Tidore
39.67333,54.54333,1880,Uly Balkan Gershi
12.0325,104.17083,1810,Phnum Aoral
40.03916,74.83,5324,Koktutau
25.51416,111.32916,2010,Jiucai Ling
36.205,75.2075,7852,Kunyang Chhish I
30.20833,102.33166,5412,Dapin Shan
33.62166,67.0475,4803,Shah Tus Aqa Ghar
26.48,99.4975,4295,Xuebang Shan
37.30833,44.2525,3811,Samdi Dag
26.14083,101.18083,3680,Dabaicao Ling
32.11416,54.58472,3150,Kuh-e Kharanaq
25.49416,94.75166,3088,Mol Len
35.78944,137.80444,2956,Kisokoma-ga-take
-0.39,100.33083,2877,Gunung Singgalang
-1.20416,121.80333,2403,Buyu Lumut
27.455,114.17333,1920,Wugong Shan
34.17416,135.90666,1915,Hakken-san
37.38833,87.60666,6130,Ayaligtag Range 
18.81,97.0375,2623,Nattaung
41.41083,72.91166,4427,Gora Babash-Ata
8.49416,99.73,1780,Khao Luang
0.80916,127.33333,1715,Pulau Ternate
34.9975,46.4725,3350,Kuh-e Shahu
35.81166,76.565,8051,Broad Peak
35.57916,77.0775,7464,Teram Kangri I
27.96416,86.335,7135,Gauri Shankar
29.76583,82.75166,6859,Kubi Gangri
36.21666,82.03583,6691,Selik Gulam Muztag
31.4525,103.39916,5300,Jiankho Shan
38.12583,70.34,4573,Gora Imeni Fuchika
23.9575,100.26083,3420,Hunhua Shan
36.50333,56.96166,2950,Kuh-e Gar
23.13833,57.01416,2730,Jebel Kawr
5.04416,95.63333,2310,Gle Hulumasen
17.2025,98.08,2080,Mela Taung
-6.26916,106.05,1778,Gunung Karang
35.33694,127.73055,1915,Chiri-san
33.29583,79.76666,6223,Gyoinmaixoi'og Kangri
31.3525,78.61,6684,Rangrik Rang
29.94111,95.74583,6135,Pt. 6135
34.90388,75.83333,5700,Pt. 5700
29.0475,94.01416,5641,Pt. 5641
28.59916,98.5025,4911,Pt. 4911
43.64916,93.92,3970,Dahei Shan
33.45583,51.8,3870,Kuh-e Karkas
27.55416,93.33,3776,Dafla Range HP
43.31833,80.80166,3730,Khrebet Temerliktau HP
32.12416,49.995,3480,Kuh-e Mafarun
35.89333,137.47916,3067,Ontake-san
5.5525,116.51583,2643,Gunung Trusmadi
33.755,59.85833,2888,Mila Kuh
-3.91583,133.01083,1680,Pegunungan Kumawa
36.45083,76.865,6542,Mazar Shan
42.03638,78.90777,5281,Khrebet Kuylyutau
36.77583,72.44,6902,Lunkho e Dosare
32.54583,77.41166,6517,Mulkila
37.5625,75.16166,6361,Lyavirdyr
30.5875,102.16833,5734,Jiaojin Shan
39.44833,71.08333,5544,Pik Tandykul
28.99527,82.39555,5425,Bhalu Lek
29.35333,81.55333,4389,Deora
34.66416,48.48666,3570,Kuh-e Alvand
36.54416,29.56805,3016,Uyluk Tepe
-7.955,112.465,2868,Gunung Butak
22.16833,103.58916,2540,Phu Tra
-1.42583,119.85666,2463,Bulu Torompupu
-6.71583,106.73333,2211,Gunung Salak
17.73083,101.0075,2120,Phu Soai Dao
-8.34583,123.25666,1661,Ili Boleng
30.13611,82.19833,6721,Changla
1.0025,109.93333,1701,Gunung Niut
31.78666,99.07333,6168,Chola Shan I
37.66722,31.30277,2980,Dedegol Tepesi
28.2275,90.61666,7538,Kula Kangri
39.0575,72.00833,7105,Pik Yevgenii Korzhinievskoi
28.36333,91.13583,6777,Tarlha Ri
33.23083,79.18333,6300,Pt. 6300
35.6525,94.25083,6224,Sob Gangri
29.39833,94.90083,5840,Pt. 5840�
42.35166,80.6275,5716,Pt. 5716
32.35666,104.84583,3030,Pt. 3030
3.74916,97.78166,3012,Gunung Bandahara
25.35666,93.89916,2832,Laikot
26.49083,95.84583,2692,Sangpang Bum
24.55416,38.215,2300,Jebel Jar
-8.87833,120.95416,2245,Gunung Inerie
6.10916,124.68583,2030,Mt. Busa
28.76333,87.63166,6495,Tsanglha Ri
25.86666,110.4125,2140,Miao'er Shan
19.32416,101.24166,2079,Phou Khe
-8.545,123.38416,1644,Ili Labalekang
31.06166,116.1875,1760,Tianzhu Shan
35.17,77.83,6934,Shahi Kangri
36.0475,80.11916,6638,Mush Muztagh
30.23666,110.57666,2300,Pt. 2300
35.61416,76.57916,7668,Chogolisa I
30.31277,79.77722,7120,Trisul
36.51722,71.92083,7108,Udren Zom
28.62833,84.68166,6620,Pangpoche I
39.01416,71.50416,5900,Pik Agasis
27.25,89.70416,4735,Pt. 4735
28.95833,102.93666,4260,Pt. 4260
30.5625,57.16166,3775,Kuh-e Bagh-e Bala
26.67833,97.23833,3411,Bumhpa Bum
37.38583,48.55,3321,Kuh-e Aq Dagh
-4.2575,103.30583,2850,Gunung Patah
23.33,98.8775,2641,Mong Ling Shan
36.9225,138.06666,2462,Hiuchi-yama
6.10666,125.57,1816,Kioto Mountains
28.88333,114.95083,1790,Jiuling Shan
9.17833,124.72666,1630,Mt. Mambajao
25.2475,112.00333,1953,Benjiwo
19.1975,104.18166,2720,Phu Xai Lai Leng
28.65416,35.30583,2580,Jebel al Lawz
20.68583,97.34166,2519,Pt. 2519
31.815,94.7,6328,Bu'gyai Kangri
22.30333,103.775,3143,Fansipan
35.73833,77.1975,6808,AYAKEBAGELA
35.7225,78.6875,6510,Karakash Shan
33.60722,76.12861,6574,Bharanzar
31.95444,78.21472,6593,Manirang
35.95583,74.63333,6143,Bilchhar Dobani
34.03055,76.79027,6086,Pt. 6086
30.37916,101.69916,5820,Haizi Shan
38.63166,90.64,4800,Kogantag
27.66083,96.7,4578,Dapha Bum
28.3425,101.75416,4488,Jinping Shan
31.33666,50.97166,3661,Kuh-e Rag
31.34083,70.02916,3111,Mizri Ghar
36.79833,139.37416,2578,Shirane-san
18.1575,105.4125,2286,Rao Co
24.9275,112.99083,1895,Paishidin
5.4475,95.65583,1810,Seulawah Agam
9.365,118.33416,1709,Victoria Peaks
22.29083,111.215,1704,Datian Ding
10.12388,118.99472,1608,Cleopatra Needle
-6.61666,110.89083,1602,Gunung Muria
22.60833,59.18666,2200,Jebel Khadar
30.2625,67.30138,3582,Loe Nekan
39.20333,98.54416,5547,Qilian Shan HP
28.90833,118.06,1810,Yujing Feng
28.43666,84.64,7893,Himalchuli I
30.7475,79.2875,7138,Chaukhamba
35.91333,76.8875,6953,Kaimuk Kangri
30.28166,80.06833,6861,Nanda Kot
30.8375,91.48972,6590,Samdain Kangsang
29.985,95.4675,6145,Pt. 6145
35.67888,72.78027,5918,Falak Sar
29.91083,57.20166,4150,Kuh-e Jupar
25.48916,99.075,3580,Finchuiyanou Range
-2.40583,120.5425,3016,Buyu Balease
28.70083,53.24916,2846,Kuh-e Namak
7.69083,124.5075,2815,Mt. Piapayungan
26.81583,95.52333,2780,Pakhain Range HP
21.30333,100.31333,2563,Loi Pangnao
18.01333,120.93916,2361,Mt. Sicapoo
32.865,108.3725,2120,Tevodian
15.48083,121.405,1901,Mingan Mountains
30.58,54.86833,3592,Kuh-e Mohammadabad
39.34888,70.13777,5170,Pt. 5170
-1.53833,127.66916,1611,Pulau Obi HP
1.81916,115.2725,2250,Batu Jumak
38.05305,30.70194,2800,Barla Dagi
12.15583,103.04333,1750,Phnum Samkos
27.9725,86.43166,7181,Menlungtse
35.925,76.175,7038,Karpogo Sar I
30.21416,80.4275,6904,Panch Chuli
28.03416,88.54583,6829,Chomo Yummo
35.85916,76.83416,6821,Burnag Kangri
38.565,71.52416,5992,Qullai Arnavad
34.29111,75.79027,5980,Pt. 5980
30.26805,101.96333,5704,Pt. 5704
34.6225,76.24583,5373,Junkor
38.97083,70.665,4744,Petra Pervogo Range HP
-3.525,138.59166,3949,Angemuk
36.775,44.91916,3611,Cheekha Dar
37.78861,66.55583,3138,Airibaba
28.095,55.99,2980,Kuh-e Ja'in
35.2375,46.22,2975,Kuh-e Takht
22.66166,104.6025,2402,Kiou Leou Ti
12.82083,121.17333,2364,Mt. Baco
0.93833,121.77666,2230,Huidu Tentolomatinan
38.32333,28.1025,2156,Boz Dag
37.8325,139.65916,2128,Dainiti Dake
2.25083,113.7175,2040,Bukit Batu
25.955,96.07083,1874,Mawhpung Bum
5.42916,100.86666,1862,Gunung Bintang
24.8925,111.16666,1857,Yinding Shan
23.38583,108.50333,1785,Daming Shan
-0.42333,111.295,1758,Gunung Saran
-5.30833,121.95583,1570,Gunung Sambapolulu
0.48833,123.675,1964,Huidu Matabulawa
12.76916,124.05666,1565,Bulusan Volcano
30.7775,52.75,3943,Kuh-e Bul
1.37833,127.53416,1560,Gunung Gamkonora
39.7925,39.77083,3546,Kesis Dagi
36.6725,72.23166,7017,Akher Chioh
29.88333,81.04083,6850,Jethi Bahurani
28.1975,91.865,6505,Kazi Razi
38.2675,72.71333,5859,Pt. 5858.8
39.3475,98.20166,5350,Pt. 5350�
26.88333,99.61083,4500,Laotzyunshan
31.91,50.365,3990,Kuh-e Gereh
28.97833,103.26583,3590,Yaoji Shan
25.5975,94.06666,3014,Japvo
4.81,96.81666,2880,Bur ni Geureudong
36.88916,32.1725,2877,Geyik Daglari
37.75444,30.725,2635,Davraz Tepe
-3.39166,102.3425,2493,Gunung Daun
1.72083,109.66833,1590,Gunung Rumput
38.02833,37.48666,3075,Killi Tepe
34.94111,78.1825,6897,Kataklik Kangri
41.09722,33.86333,2587,Ilgaz Daglari
14.01333,122.7875,1544,Mt. Labo
36.3375,101.20083,4890,Riyue Shan HP
35.75833,76.65333,8034,Gasherbrum II
28.25638,85.51666,7227,Langtang Lirung
33.67583,76.30472,6573,Doda
29.9525,90.53833,6270,Beu-tse
30.32083,94.32,6310,Pulong
38.23333,71.8,6132,Qullai Vudor
37.66666,72.70833,5800,Gora Bogchigir
34.16388,75.33,5425,Kolahoi
40.84916,70.34333,3770,Gora Boboiob
-3.96916,136.195,3340,Deyjay
28.13916,61.82666,2995,Geli Kuh
41.495,71.8925,2875,Buzbu Too
31.5925,57.03333,2777,Kuh-e Denband
27.19416,54.53916,2209,Kuh-e Par-e Lavar
10.94,76.6325,2088,Elivai Malai
33.855,134.09555,1955,Tsurugi-san
27.89333,119.18666,1930,Huangmao Jian
25.55916,110.96166,1930,Baojie Ling
43.63694,103.77305,2825,Dund Sayhni Nuru
35.37083,133.53916,1729,Daisen
35.65166,82.3125,6962,Chung Muztagh
35.99666,76.76833,6824,Durbin Kangri
33.49583,91.1675,6621,Geladaindong
35.99416,81.5925,6580,Kotaklik Shan
33.66166,67.62583,4750,Kuh-e Sefid
34.14916,69.41583,4270,Kuh-e Soltan Saheb
32.56833,49.56333,3750,Kuh-e Menar
35.9425,53.325,3730,Kuh-e Nozva
34.68666,47.625,3320,Kuh-e Dala Khani
31.12583,50.27583,3120,Kuh-e Raziyeh
37.03333,57.9,3070,Kuh-e Patu
7.955,124.8025,2880,Kalatungan Mountains
38.54916,140.02583,1984,Gas-san
8.58583,77.26666,1869,Agastya Malai
30.10083,118.86166,1787,Qingliang Feng
39.53666,39.5425,3457,Akbaba Tepesi
23.3175,93.76166,2703,Kennedy Peak
40.07361,29.21777,2543,Uludag Tepe
23.36166,103.90666,2990,Yanyanpo
38.03833,95.32416,5759,Qaidam Shan
38.78583,45.85666,3358,Kiyamaki Dagh
28.8925,98.96666,5534,Tsa-Leh Xueshan
36.67,47.3,3332,Kuh-e Belqeys
37.89833,111.49166,2810,Guandi Shan
41.88333,71.6,4503,Khrebet Chatkalskiy HP
34.80416,77.805,7513,Saser Kangri II
35.51666,76.8,7401,Ghent Kongri
27.98333,88.64583,6889,Khangchengyao
30.30333,93.64916,6870,Nenang
37.59916,72.2275,5707,Pik Skalistyy
35.48583,69.61083,5126,Kuh-e Kokzaro Zaghicha
35.34416,72.3675,5001,Chambargahai
40.92833,74.875,4737,Gory Dzhamantau
34.91583,73.23583,4688,Sukai Sar
36.245,69.44166,4331,Kuh-e Mogholan
32.9625,50.51333,3900,Kuh-e Darabshah
4.915,96.32833,2801,Peuet Sague
19.12833,103.80583,2625,Phou Samsoum
35.77333,45.23083,2624,Shak-i Pira Magrun
0.70583,120.88833,2410,Ibuyule Malino
27.88,84.49583,2140,Pt. 2140
27.63916,35.7475,1990,Jebel Shar
39.55833,141.4875,1914,Hayachine-san
4.68,100.80666,1657,Gunung Bubu
6.74,126.18166,1620,Mt. Hamiguitan
-8.39416,118.54333,1605,Doro Oromboha
25.6825,118.18583,1849,Daiyun Shan
37.69333,101.505,5254,Lenglong Ling HP
33.3975,78.44166,6489,Gangra Ri
33.10666,64.20083,4171,Kuh-e Jang Qal'eh
39.89666,42.64583,3483,Kose Dagi
35.84583,79.57416,6802,OIERLIZUOKE FENG
32.9325,78.45666,6666,Lungser Kangri
28.49833,85.15583,6648,Langbo Kangri
36.69,77.73416,6447,Togras Kangri
38.83916,72.305,6028,Pik Gorbundov
37.34833,86.89333,5766,Muzluktag
29.93333,95.28916,5590,KYAMUNA
39.34083,74.02333,5535,Markanta
29.63083,101.27416,5300,Pt. 5300�
34.4,74.90833,5142,Haramukh
39.30666,95.60916,4930,Emanan Shan
32.25166,76.4825,4915,Dhauladar Range HP
25.67166,100.0925,4090,Diancang Shan HP
36.53,44.67416,2672,Jabal Karukh
27.7775,55.86833,2475,Kuh-e Boz
11.4275,76.13083,2339,Vavul Mala
37.985,68.17,2290,Gora Zarkasa
20.07083,99.14166,2285,Huamereng
36.81,36.39166,2240,Uzunziyaret Tepesi
22.36666,102.68333,2109,Phu Ta Tong
16.18333,98.5275,2030,Mulayit Taung
26.75666,116.93,1847,Baishi Feng
19.03583,109.5425,1815,Yingge Ling
15.30166,106.40166,1716,Phou Phiamay
13.48166,120.40333,1520,Mt. Calavite
28.855,90.20416,6674,Kalurong
28.855,93.2,6179,Pt. 6179
29.29583,101.90833,6079,Pt. 6079
38.56666,75.745,5397,Pt. 5397
40.69666,74.09416,4385,Pt. 4385
31.675,51.02833,3880,Kuh-e Hezar Darreh
28.5675,58.22916,3750,Kuh-e Jebal Barez
31.4675,50.2675,3613,Kuh-e Karun
26.9925,101.835,3430,Pt. 3430
30.555,56.35666,3205,Kuh-e Gerdu
23.43,99.21583,2995,Pt. 2995
24.57333,97.96166,2640,Lopula Range
27.34333,53.87166,2165,Kuh-e Gav Bast
26.13583,110.8225,2120,Zhenbao Ding
12.695,108.94333,2000,Chu Mu
27.17583,110.30583,1943,Subao Ding
9.24416,123.1775,1860,Cuernos de Negros
29.36,114.595,1640,Jiugong Shan
21.57333,105.54416,1592,Tam Dao Nord
15.27916,43.97583,3666,Jebel an Nabi Shu'ayb
14.68,43.65666,2920,Jibal Raymah
12.57416,54.02083,1505,Hajhir
35.53333,75.47083,5828,B21 
42.285,81.04333,6332,Pt. 6332
30.57861,94.46833,6692,Pt. 6692
28.27277,-16.64222,3718,El Pico del Teide
28.75472,-17.885,2423,Roque de los Muchachos
38.46888,-28.39888,2351,Ponta do Pico
71.08333,-8.15,2277,Beerenberg 
64.01583,-16.67472,2110,Hvannadalshn�kur
27.96388,-15.56583,1949,Pico de las Nieves
32.76388,-16.92583,1861,Pico Ruivo 
79.15138,16.80416,1717,Newtontoppen
27.72888,-18.04055,1501,Pico Malpaso
75.17555,57.825,1549,Novaya Zemlya HP
65.03333,60.11666,1894,Gora Narodnaya 
19.03,-97.27083,5636,Pico de Orizaba 
19.02333,-98.62666,5410,Volc�n Popocatepetl
19.56333,-103.60833,4270,Nevado de Colima
17.46833,-100.1375,3550,Cerro Tiotepec
19.10166,-99.7675,4690,Vol. Nevado de Toluca
16.21166,-96.19583,3710,Cerro Nube Flan
30.99083,-115.375,3110,Cerro Picacho del Diablo
19.23166,-98.0325,4430,Malinche
18.72,-102.97333,2890,Cerro las Conchas 
26.12,-100.55666,2630,Cerro Tia Chena 
23.53916,-109.95416,2090,Sierra de la Laguna HP
25.36416,-100.5575,3710,Cerro San Rafael 
27.03416,-102.39166,3030,Sierra la Madera HP
21.43083,-99.1325,2930,Cerro la Joya
23.80083,-99.84666,3550,Picacho San Onofre  
16.58166,-95.80333,2830,Cerro Sacamecate
27.47,-112.59166,1950,Volc�n las Tres Virgenes
19.41666,-102.31916,3850,Cerro Tancitaro
25.13666,-103.23,3130,Cerro el Centinela
17.1325,-96.0125,3420,Cerro Zempoalt�petl
18.34916,-94.8575,1690,Sierra de Santa Martha
25.86333,-100.61277,2390,Picachos el Fraile
19.17888,-98.6425,5230,Volc�n Iztaccihuatl
19.555,-104.1475,2890,Cerro las Capillas
20.7875,-103.84666,2930,Volc�n de Tequila
26.3075,-100.46583,2210,Sierra Gomas
18.67333,-102.50333,2390,Cerros Santa Elena
16.76472,-94.45138,2310,Cerro Atravesado
26.41666,-101.70833,2630,HP Sierra San Marcos
24.57333,-99.07416,1810,Cerro el Hongo
17.15916,-96.4175,3370,Cerro Yatin
17.13583,-97.66333,3370,Cerro del Aguila
19.80583,-100.59666,3600,Cerro San Andres
58.90638,-137.52638,4671,Mt. Fairweather
51.37222,-125.26222,4019,Mt. Waddington
51.90166,-125.875,3555,Monarch Mtn.
53.11,-119.15666,3959,Mt. Robson
52.80138,-119.73138,3516,Mt. Sir Wilfrid Laurier
51.65666,-117.8675,3519,Mt. Sir Sandford
50.18777,-121.90333,2968,Skihist Mtn.
57.39305,-132.30305,3090,Mt. Ratz
50.55166,-118.13,2970,Mt. Odin
52.38527,-118.94,3274,Mt. Monashee
52.14722,-117.44138,3741,Mt. Columbia
51.27166,-124.56833,3298,Mt. Queen Bess
50.18138,-117.20416,3094,Mt. Cooper
57.34638,-124.09277,3024,Mt. Ulysses
50.13305,-122.79333,2892,Wedge Mtn.
56.00666,-129.69277,2692,Otter Mtn.
52.07,-126.95944,2290,Kwatna Peak
49.66277,-125.74722,2195,Golden Hinde
51.59111,-124.68583,3183,Razorback Mtn.
57.39472,-131.48527,2953,Ambition Mtn.
50.48861,-116.48694,3493,Mt. Farnham
54.92833,-129.06,2336,Oscar Peak
50.87,-115.65,3616,Mt. Assiniboine
56.33722,-129.98166,2729,Mt. Jancowski
49.78333,-117.62666,2830,Gladsheim Peak
51.15138,-117.42055,3377,Mt. Dawson
54.275,-129.05638,2219,Mt. Valpy
52.66833,-118.05666,3363,Mt. Edith Cavell
53.14222,-127.47722,2365,Chatsquot Mtn.
59.41861,-136.76527,2721,Buckwell Peak
55.22944,-128.87222,2359,Mt. Priestley
53.00722,-127.24,2304,Sharks Teeth Peaks
59.84222,-137.58555,2550,Detour Peak
 South Tower,51.20166,3567,Mt. Goodsir
49.16305,-121.24972,2596,Silvertip Mtn.
54.9675,-128.23194,2747,Seven Sisters Peaks
52.25333,-126.515,2908,Mt. Saugstad
50.05472,-126.10083,2163,Victoria Peak
55.07388,-127.57416,2507,Brian Boru Peak
54.41861,-127.74388,2759,Howson Peak
53.93972,-128.04555,2724,Atna Peak
53.02166,-126.64,2758,Tsaydaychuz Peak
55.93916,-127.48,2588,Shedin Peak
50.51111,-122.62083,2506,Birkenhead Peak
50.06055,-115.2075,3360,Mt. Harrison
57.77527,-132.33527,2910,Chutine Peak
53.93583,-120.38694,3275,Mt. Sir Alexander
51.57444,-116.26027,3394,Mt. Hector
53.13694,-119.26666,3399,Whitehorn Mtn.
53.39694,-119.41722,3316,Mt. Chown
49.24083,-116.8225,2456,Kootenay Mtn.
57.92694,-126.84833,2748,Thudaka Peak
57.71611,-130.63388,2780,Mt. Edziza
49.74611,-117.14194,2801,Cond Peak
58.47777,-133.36111,2415,Sittakanay Peak
58.72972,-133.84083,2593,Devils Paw
51.20472,-119.23527,2301,Pukeashun Mtn.
52.55138,-126.37027,2664,Thunder Mtn.
50.76527,-118.84305,2245,Morton Peak
52.35416,-120.53277,2553,Mt. Perseus
50.52888,-123.38083,2749,Overseer Mtn.
52.32111,-127.30666,1679,King Island HP
52.09166,-126.01666,3037,Talchako Mtn.
58.13888,-132.93472,2524,Whiting Peak
50.19527,-118.22888,2573,The Pinnacles
55.54388,-127.48638,2451,Mt. Thomlinson
58.71666,-133.23,2408,Mt. Lester Jones
52.63555,-118.61666,3089,Jeanette Peak
58.5875,-127.96222,2668,Sharktooth Mtn.
50.1725,-117.9,2330,Upper Saddle Mtn.
51.86,-116.93166,3617,Mt. Forbes
49.50722,-122.32194,2262,Mt. Judge Howay
60.08416,-136.01361,2540,Mt. Porsild
56.23388,-129.6575,2727,Mt. Pattullo
51.38416,-123.86416,3063,Mt. Tatlow
51.01722,-126.40611,1934,Corsan Peak
54.81166,-127.33972,2589,Hudson Bay Mtn.
52.55,-117.91444,3361,Mt. Fryatt
50.99222,-123.79027,3182,Monmouth Mtn.
50.23166,-124.68611,1591,Mt. Addenbroke
50.46194,-125.18583,1664,Estero Peak
50.025,-126.6775,1875,Rugged Mtn.
50.62361,-122.26027,2855,Mt. Seton - Cy5
53.07111,-121.00888,2543,Kaza Mtn.
54.93,-126.86388,2396,Mt. Cronin
59.355,-137.16166,2706,Basement Peak
55.39861,-127.94361,2096,Kispiox Mtn.
58.08194,-124.46888,2940,Mt. Sylvia
52.71305,-120.65083,2597,Mt. Wotzke
55.93833,-123.42111,2429,Mt. Crysdale
56.27111,-128.34,2189,Vile Peak
56.37611,-130.19333,2595,Unuk Peak
51.35083,-116.20583,3540,Mt. Temple
50.71666,-122.50944,2918,Whitecap Mtn.
51.4375,-119.95472,2636,Dunn Pk.
54.05833,-120.32638,3200,Mt. Ida
54.89166,-129.64722,1967,Mt.  Monkley
50.91694,-119.94083,2155,Mt. Tod
52.32,-126.23666,2907,The Horn
56.55166,-130.97333,2445,Hubris Peak
50.335,-125.84083,1645,Hkusam Mtn.
50.52833,-115.20666,3433,Mt. Joffre
49.64583,-122.25027,2252,Robertson Peak
53.03777,-127.64138,1945,Kitlope Range HP
52.24722,-117.95805,3664,Mt. Clemenceau
51.14166,-124.17166,3242,Good Hope Mtn.
50.55666,-125.28305,1801,Mt. Van der Est
60.56666,-140.40388,5959,Mt. Logan
60.29361,-140.92888,5489,Mt. Saint Elias
61.02166,-140.46527,5226,Mt. Lucania
60.35861,-139.69777,4812,Mt. Vancouver
63.43138,-130.32388,2972,Keele Peak
60.03222,-137.59055,2716,Alsek Peak
60.86805,-138.27638,2810,Mt. Cairnes
60.67083,-137.61916,2512,Mt. Martha Black
60.06972,-139.18777,3155,Mt. Seattle
60.78388,-137.87388,2588,Mt. Archibald
64.72722,-132.78027,2760,Mt. Macdonald
60.47638,-137.17277,2329,Dalton Range HP
63.13583,-135.63333,2214,Grey Hunter Peak
61.87472,-127.68027,2773,Mt. Nirvana
81.92666,-74.98666,2616,Barbeau Peak
79.74,-91.4,2210,Outlook Peak
66.54722,-65.42777,2147,Mt. Odin
75.34777,-82.17388,1920,Devon Icecap HP
78.8,-79.5325,2347,Ellesmere Peak
73.22833,-78.62083,1951,Angilaaq Mtn.
72.1825,-75.90666,1963,Qiajivik Mtn.
80.13666,-76.77,2181,Pk. 08-46
70.69416,-71.34166,1809,Ukpik Peak
66.5725,-65.075,2000,Tupeq Mtn.
66.15166,-63.4925,1840,Pt. 1840
70.79916,-71.65166,1905,Kisimngiuqtuq Peak
71.00166,-71.855,1590,Sillem Island HP
69.65666,-69.30833,1721,Pk. 39-18
70.58,-70.72833,1562,Pk. 35-44
66.5575,-62.02083,1710,Angna Mtn.
45.8325,6.86444,4808,Mont Blanc
37.75111,14.99583,3323,Monte Etna
37.05444,-3.31,3479,Pico del Mulhac�n
42.63222,0.65777,3404,Pico de Aneto
42.38,8.94722,2706,Monte Cinto
42.47,13.56722,2912,Corno Grande
42.17972,23.58666,2925,Musala
35.22666,24.7725,2456,Psiloritis
47.07416,12.69444,3798,Grossglockner
36.95388,22.35222,2404,Profitis Ilias
61.63666,8.315,2469,Galdh�piggen
49.16416,20.13583,2655,Gerlach
40.08277,22.35111,2919,Olympos Oros
46.53722,8.12611,4274,Finsteraarhorn
46.88694,10.8675,3768,Wildspitze
46.38222,9.90805,4049,Piz Bernina
47.42194,13.0625,2941,Hochk�nig
41.79111,20.54777,2764,Golem Korab
45.93694,7.86694,4634,Dufourspitze
47.47527,13.60638,2995,Hoher Dachstein
46.435,11.86277,3343,Marmolada
45.34111,23.54055,2519,Par�ngul Mare
44.66805,7.08888,3841,Monte Viso
46.37805,13.83694,2864,Triglav
45.59972,24.73611,2544,Varful Moldoveanu
44.92444,6.35611,4102,Barre des �crins
35.2925,24.03333,2453,Pakhnes
42.4425,19.81416,2694,Maja e Jezerc�s
47.24944,9.34333,2503,S�ntis
40.15888,24.32833,2030,Athos
46.50888,10.54472,3905,Ortl�s
34.93833,32.86111,1952,Olympos
45.72638,10.84388,2218,Monte Baldo
43.19777,-4.85277,2648,Torre de Cerredo
45.51861,7.26638,4061,Gran Paradiso
46.07166,10.01138,3050,Pizzo di Coca
45.9975,11.46805,2336,Cima Dodici
37.93972,22.39583,2376,Killini Oros
39.79694,22.68694,1978,Ossa Oros 
39.98805,9.32416,1834,La Marmora
42.08694,14.08527,2795,Monte Amaro
35.11888,25.49888,2148,Spathi
46.16111,6.92333,3257,Haute Cime: Dents du Midi
40.12444,20.94944,2482,Nemer�ka
41.76722,23.39888,2914,Vikhren
40.91472,24.09166,1956,Pangaion
45.28805,5.78777,2082,Chamechaude
45.36611,22.89444,2509,Varful Peleaga
40.93083,21.78694,2528,Kaimaktsalan
67.90083,18.51944,2113,Kebnekaise
47.42111,10.98527,2962,Zugspitze
38.6275,23.84277,1743,Dhirfis Oros
69.46888,19.87861,1834,Jiehkkevarri
40.08972,20.92611,2637,Smolikas Oros
46.4525,12.26055,3264,Monte Antelao
45.68388,6.22805,2217,Pointe d'Arcalod
39.89472,16.21611,2267,Monte Dolcedorme
38.15888,15.92111,1955,Montalto
46.35694,14.53555,2558,Grintovec
47.71694,14.06333,2515,Gro�er Priel
38.6475,22.25444,2510,Oros Giona
40.24861,-5.29972,2592,Pico Almanzor
45.95333,9.3875,2409,Grigna Settentrionale
45.98805,11.03138,2180,Monte Bondone
46.22,10.66388,3558,Cima Presanella
62.32055,9.27166,2286,Sn�hetta
40.28694,19.84972,2121,Maja e Kendrevic�s
47.47472,12.73388,2634,Birnhorn
41.70416,21.40527,2540,Solunska Glava
47.5975,24.63444,2303,Pietrosul Rodnei
46.2275,12.40277,2471,Col Nudo
45.95555,6.55611,2750,Pointe Perc�e
38.13666,20.67138,1628,Ainos Oros
40.46166,25.5875,1611,Fengari
46.43305,13.44166,2753,Jof di Montasio
41.32111,23.12055,2031,Kerkini
38.53555,22.62166,2457,Liakoura
46.895,13.15805,2784,Polinik
45.52833,2.81416,1885,Puy de Sancy
44.19388,10.70138,2165,Monte Cimone
42.7175,24.91666,2376,Botev
46.81111,8.91472,3614,T�di
47.41111,11.43777,2749,Birkkarspitze
40.19833,19.63944,2044,Mali i �ik�s
47.56222,12.30305,2344,Ellmauer Halt
69.71,20.08583,1624,Store Lenangstind
44.77444,5.83916,2790,Grande Tete de l'Obiou
44.61305,34.24333,1545,Roman-Kosh
40.79472,20.46472,2373,Maja e Valamares
46.15527,10.87055,3173,Cima Tosa
47.56166,14.63277,2369,Hochtor
67.43333,17.72777,2089,Sarektj�kk�
47.52194,14.01694,2351,Grimming
45.9375,7.29916,4314,Grand Combin de Grafeneire
41.00361,21.18444,2601,Pelister
38.75777,20.99416,1589,Psili Korifi
45.82722,6.28555,2351,La Tournette
46.62138,9.87277,3418,Piz Kesch
47.06361,14.56722,2396,Zirbitzkogel
42.88833,11.62472,1738,Monte Amiata
45.03972,5.925,2857,Le Taillefer
46.44138,22.69027,1849,Bihor
43.39583,22.67944,2168,Midzor
43.12833,19.03666,2523,Durmitor 
46.08972,8.39416,2301,Monte Togano
39.43833,23.0475,1610,Pelion
36.67666,-4.99472,1919,Torrecilla
46.64333,8.42111,3630,Dammastock
47.49916,13.22666,2430,Raucheck
42.825,13.27666,2476,Monte Vettore
46.9,9.4675,2806,Haldensteiner Calanda
61.80388,5.82111,1670,Gjegnen
68.91861,-29.89972,3694,Gunnbj�rn Fjeld
70.78333,-26.66666,2200,Milne Land HP
72.11666,-24.9,2839,Dansketinden
71.32777,-52.90833,2105,Palup Qaqa
73.13333,-26.36666,2320,Payers Tinde
71.4,-51.96666,2259,Perserajoq
71.33333,-26.33333,2200,Renland HP
70.11666,-53.4,1904,Pyramiden/Hoeyriggen
73.15,-24.31666,1900,Angelin Bjerg
72.71666,-24.06666,1884,Traill HP
66.43333,-52.91666,1860,Parnaqussuit Qavaat HP
66.93333,-36.81666,3391,Mt. Forel
70.83333,-27.48333,1770,Storo HP
83.33333,-35.78333,1920,Rooseveltsfjeld HP
71.6,-53.18333,1765,Snehaetten
63.45,-41.83333,1750,Helges Halvo
72.94416,-24.32555,1730,Svedenborg Bjerg
72.25,-25.95,2475,Klosterbjergen
80.43333,-19.83333,1744,Hahn Land HP
70.95,-52.03333,1690,Agpalik
70.7,-52.98333,2144,Iterdlaup Qaqai 
73.43333,-22.83333,1679,Hardersbjerg (Gauss Halvo)
60.56583,-44.69722,1782,Qingagssat Qaqit
64.395,-51.10277,1616,Qingaq (Storo)
65.88333,-52.11666,2140,Agssaussat
66.11666,-37.45,1680,Pt. 1680
74.36666,-21.18333,1604,Ortlerspids
68.88333,-28.6,3308,Ejnar Mikkelsen Fjeld
70.29555,-52.71666,2010,Pautuut
60.13388,-44.53611,1763,Agdleruussakasit
73.36666,-26.3,2360,Margaretatopp (Andrees Land)
71.34444,-25.71388,2163,Kloftbjerge
73.31555,-24.02666,1600,Blaskbjerg 
64.45555,-50.52222,1630,Kinaussak
70.2,-27.66666,2100,Gaaseland HP
60.05,-43.91666,1549,Christian IV Island HP
73.95,-23.2,2000,Favres Bjerg
73,-25.53333,2000,Johnstrup Bjerge (Suess Land)
72.47222,-25.07083,1810,Berzelius Bjerg
73.2,-25.05,1802,Ymers
60.18333,-44.5,1845,Tuviligssuaq
61.01666,-45.16666,1840,Agdlerulik
66.03333,-52.26666,2190,Mt. Atter
19.82055,-155.46805,4205,Mauna Kea
 Haleakala,20.71,3055,Red Hill
19.47555,-155.60555,4169,Mauna Loa
20.88972,-156.58694,1764,Puu Kukui
22.05888,-159.4975,1598,Kawaikini
21.10666,-156.86861,1512,Kamakou
15.04333,-91.90333,4220,Volc�n Tajumulco
19.03166,-71.00583,3098,Pico Duarte
9.48416,-83.48861,3820,Cerro Chirrip�
18.36,-71.97666,2680,Pic la Selle
14.91333,-88.11416,2744,Monta�a de Santa Barbara
18.04666,-76.57916,2256,Blue Mountain Peak
14.53416,-88.68,2849,Cerro las Minas
18.3825,-74.025,2347,Pic de Macaya
14.46583,-90.74333,3761,Volc�n de Agua
19.99,-76.83666,2005,Pico Turquino
15.51916,-91.545,3837,Sierra de los Cuchaniantes HP
18.63666,-71.52083,2279,Loma Gajo en Medio
9.97666,-83.85416,3402,Volc�n Irazu
18.8125,-70.62722,2842,Alto de la Bandera
15.5,-91.91583,3518,Monta�a Pe�a Blanca
14.50083,-90.875,3976,Volc�n Acatenango
13.435,-88.26916,2130,Volc�n de San Miguel
14.58333,-91.18666,3537,Volc�n Atitlan
14.9575,-85.91666,2335,Sierra de Agalta
8.5825,-81.84583,2550,Cerro Santiago
15.52333,-88.2325,2242,Monta�a San Ildefonso
15.55916,-86.87666,2450,S. of Pico Bonito
12.7025,-87.00583,1745,Volc�n San Cristobal
13.85583,-89.62833,2362,Volc�n de Santa Ana
13.59666,-88.8375,2182,Volc�n de San Vicente
14.38416,-89.12888,2730,Cerro El Pital
10.74666,-85.15,2028,Volc�n Miravalles
11.53833,-85.6225,1611,Volc�n Concepci�n
14.495,-87.50833,2407,Monta�a los Comayagua
15.15,-89.73083,3015,Cerro Raxon
15.17666,-87.57333,2320,Pico Pijol
-17.61972,-149.48416,2241,Mt. Orohena
-20.58833,164.77083,1628,Mont Pani�
-13.61833,-172.48583,1858,Mauga Silisili
-9.70361,160.06194,2335,Popomanaseu
-7.95,157.075,1768,Mt. Veve
-15.3625,166.755,1879,Mt. Tabwemasana 
-36.45583,148.26361,2228,Mt. Kosciuszko
-41.87083,146.03333,1617,Mt. Ossa
-53.10416,73.5175,2745,Mawson Peak
-43.59583,170.14111,3755,Mt. Cook
-39.29,175.56333,2797,Ruapehu
-44.38333,168.73333,3033,Mt. Aspiring
-39.29583,174.065,2518,Mt. Taranaki
-44.6,168,2723,Mt. Tutoko
-41.99583,173.6625,2884,Tapuae-o-Ueneku
-45.07138,168.80805,2319,Double Cone
-42.225,173.61833,2608,Manakau
-43.5075,171.32,2333,Mt. Taylor
-44.43416,168.17,1648,Skippers Range HP
-49.58388,69.48972,1850,Mont Ross
-37.11111,-12.28833,2060,Queen Mary's Peak
-54.44083,-36.55527,2934,Mt. Paget
-54.71666,-36.1,2330,Mt. Carse
-5.95416,146.375,4125,Finisterre Range HP
-9.66916,149.01083,3676,Mt. Suckling
-5.78,145.02916,4509,Mt. Wilhelm
-8.8925,147.53333,4038,Mt. Victoria
-5.905,154.995,2715,Mt. Balbi
-9.33416,150.20583,2536,Mt. Oiautukekea
-6.04333,143.88666,4367,Mt. Giluwe
-4.40083,152.93833,2340,Hans Meyer Range
-5.05083,151.33083,2334,Mt. Ulawun
-6.06083,144.61583,4104,Mt. Kabangama
-5.18666,151.835,2316,Nakanai Mtns. HP
-9.46166,150.76833,1947,Mt. Kilkerran
-6.72583,145.98833,3557,Mt. Piora
-6.61416,142.82666,2507,Mt. Bosavi
-5.7225,142.495,3623,Mt. Karoma
-10.035,149.56916,2883,Mt. Simpson
-4.67666,145.9775,1833,Mt. Kunugui
-9.2,149.07166,1891,Mt. Victory
-4.0775,145.03916,1807,Manam Island HP
-5.5375,148.39666,1824,Mt. Talawe
-6.405,145.315,3647,Mt. Michael
-4.74583,152.05333,2063,Barurumea Ridge
-6.31083,147.09,4121,Mt. Sarawaget
-5.615,147.96583,1658,Mt. Bel
-3.29416,141.72333,1980,Bewani Mtns. HP
-5.8125,149.83833,1951,Pt. 1951m
-9.43583,150.5575,1665,Mt. Maybole
-4.7025,145.23166,1716,Adelbert Range HP
-9.32583,148.35833,2295,Sibium Mtns. HP
-6.86333,146.71583,2752,Mt. Shungol
-6.44333,155.60916,2251,Mt. Taraka
-32.65333,-70.01083,6962,Cerro Aconcagua
10.83916,-73.68638,5700,Pico Crist�bal Col�n
-1.46916,-78.8175,6267,Chimborazo
8.54166,-71.04583,4981,Pico Bol�var
6.49416,-72.2975,5410,Ritacuba Blanco
-46.595,-73.34583,4058,Monte San Valentin
-27.10916,-68.54083,6893,Nevado Ojos del Salado
-31.97916,-70.1125,6720,Cerro Mercedario
-47.59166,-72.30666,3706,Monte San Lorenzo
-49.01916,-73.50666,3580,Volc�n Lautaro 
-27.21416,-66.09416,5552,Cerro del Bols�n
-28.8675,-67.1275,4150,El Mela
-9.1225,-77.60583,6746,Nevado Huascar�n Sur
-29.01416,-67.82666,6097,Cerro General Manuel Belgrano
-33.35833,-69.77,6570,Cerro Tupungato
3.66,-65.40666,2832,Cerro Marahuaca
-28.25833,-66.04083,4575,Cerro el Manchao
2.92416,-76.02916,5390,Nevado del Huila
-41.16083,-71.8875,3470,Cerro Tronador
-20.43416,-41.79666,2890,Pico da Bandeira
-39.6375,-71.5025,3740,Volc�n Lan�n
-54.65916,-69.59833,2580,Monte Darwin
5.165,-76.095,4100,Cerro Tamana
-13.33583,-72.54916,6264,Nevado Salcantay
-15.85333,-68.54083,6427,Ancohuma
-31.31583,-67.92333,3160,Mogote Corralitos
10.08416,-63.95833,2596,Cerro Tristeza
10.54333,-66.7825,2765,Pico Naiguat�
-18.10833,-68.88333,6542,Nevado Sajama
-0.68083,-78.43833,5896,Cotopaxi
-24.72,-68.53666,6739,Volc�n Llullaillaco
3.34416,-76.69583,4050,Farallones de Cali
-35.58083,-68.49,3810,Cerro Nevado
5.75916,-76.06166,4050,Farallones de Citara
-44.07583,-72.86,2440,Monte Melimoyu
5.20222,-60.73527,2810,Monte Roraima
-43.295,-72.52583,2390,Pt. 2390
4.06916,-76.52416,3840,Cerro Calima
-47.035,-71.69833,2700,Monte Zeballos
-36.6375,-70.4325,4708,Volc�n Domuyo
-31.62583,-69.87666,5887,Cordillera de Ansilta
-15.54583,-72.66083,6405,Nevado Coropuna
-31.9875,-64.93666,2770,Cerro Champaqu�
0.80666,-66.005,2994,Pico de Neblina
10.33833,-72.90416,3660,Cerro Pintado
-24.06333,-65.74583,5930,Nevado de Cha�i
-21.22083,-68.46833,6176,Cerro Aucanquilcha
-27.75583,-68.79916,6795,Monte Pissis
-24.93166,-66.39083,6380,Cerro el Libertador
-30.42,-69.78083,6280,Cerro de la Majadita
-33.735,-69.87833,6108,Cerro Marmolejo
-12.37583,-73.6175,4150,Cordillera Vilcababna Norte HP
-13.79083,-71.2325,6372,Nevado Auzangate
0.025,-77.98916,5790,Nevado Cayembe
-31.7075,-69.15666,4380,Cerro Pircas
-22.42833,-44.84333,2798,Pontan
-45.10583,-73.16916,2300,Cerro Mac�
-15.33,-73.4475,5505,Nevado Sara Sara
-2.005,-78.34083,5300,Volc�n Sangay
-54.45,-70.84,2187,Monte Sarmiento
4.89166,-75.32333,5300,Nevado del Ruiz
-10.26888,-76.90527,6617,Cerro Yerupaj�
5.76583,-66.19166,2392,Serrania Guanay
-21.8875,-68.39166,6145,Volc�n San Pedro
-24.39583,-68.24583,6051,Volc�n Socompa
-3.295,-78.325,2950,Cordillera del Condor HP
-44.41833,-72.38,2300,Nevado Queulat
-18.16583,-69.14166,6342,Cerro Parinacota
-15.82166,-71.87916,6288,Nevado Ampato
-43.54416,-72.20333,2100,Macizo Nevado
-16.19333,-71.53194,6057,Nevado Chachani
-42.90416,-71.92083,2440,Cord�n de las Pir�mides
-25.5625,-67.88083,6440,Volc�n Antofalla
-21.54666,-68.5225,6040,Cerro Palpana
6.45666,-76.1225,3950,Paramo Frontino
-49.27166,-73.04666,3405,Cerro Fitzroy
-48.555,-73.14083,3300,Cerro Mellizo Sur
0.49083,-65.33333,2500,Serra Imeri
1.19583,-63.8,2140,Serra Tulu Tuloi
-41.33,-72.61833,2015,Volc�n Calbuco
-34.75416,-69.97166,5189,Cerro Sosneado
-36.51416,-69.28583,3838,Cerro Pay�n
-46.065,-72.2075,2675,Cordillera Castillo
-16.63333,-67.79083,6438,Nevado Illimani
-29.13,-69.78666,6168,Cerro del Toro
-13.21333,-71.99,5818,Sahuasiray
-25.075,-65.85166,5100,Cerro Malcante
-24.20083,-68.06666,6233,Cerro Pular
-41.10416,-72.49583,2661,Volc�n Osorno
-51.4175,-73.1975,2035,Cerro Balmaceda
-50.76,-72.25583,2160,Cerro Pin�culo
-47.19583,-73.46833,3437,Cerro Arenales
2.37833,-77.43333,3860,Cerro Napi
-49.78333,-73.10666,2730,Cerro Norte
-22.3425,-42.56,2316,Pico Maior
3.715,-74.0425,4180,Saliente del Rio Guape
-6.37416,-79.2375,4118,Cerro Mishahuanga
1.74666,-61.7925,1980,Serra da Mocidade
-49.75666,-73.01444,2636,Cerro Meson
-48.66416,-72.68666,2050,Cerro Tres Frailes
-24.29,-67.78333,6095,Cerro Aracar
-16.29666,-71.41083,5822,Volc�n Misti
0.36083,-78.34916,4944,Nevado Cotacachi
-10.42916,-75.41916,3660,Abra la Esperanza
-37.46333,-71.41583,3535,Sierra Velluda
-38.69583,-71.73166,3125,Volc�n Llaima
5.58083,-65.24916,2350,Sierra Maigualida
-33.96666,-70.96583,2281,Cerro Cantillana
-26.53,-67.05916,6012,Cerro Laguna Blanca
-6.02416,-77.5975,4010,Cerro de Campanario
-46.51833,-72.43833,2360,Sierra de Avallanos HP
-16.9775,-67.34916,5748,Cerro Gigante
8.16583,-77.29583,1870,Cerro Tacarcuna
-0.66333,-78.71583,5263,Iliniza Sur
-34.28666,-70.03333,5180,Picos de Barroso
-51.0075,-73.09583,2700,Cerro Paine Grande
-19.75333,-68.69666,5995,Alto Toroni
-49.32083,-73.41666,3490,Cordon Mariano Moreno
-48.65583,-72.9225,2250,Pascua
-17.72083,-69.7725,5988,Volc�n Tacora
-52.95083,-72.59583,1705,Cerro Ladrillero
-9.02861,-77.66555,6360,Nevados Hunadoy
-27.30583,-69.13083,6052,Volc�n Copiap�
-37.14,-70.05,3980,Volc�n Tromen
2.91333,-74.85,3630,Cordillera los Pichachos
6.66,-66.2375,2080,Cerro Cerbatana
-51.80166,-73.38416,1925,Cordillera Sarmiento
1.52833,-62.17416,1880,Serra do Pacu
8.11166,-74.2725,2270,Cerro San Lucas
-21.3025,-68.17916,5868,Volc�n Ollag�e
-26.61583,-65.72666,4740,Cumbres Calchaquies
-24.20666,-64.51416,2640,Cerros de Pereyra
5.41666,-66.36666,2070,Cero Raya
-26.63166,-68.36166,6414,Cerro el C�ndor
-0.485,-78.14166,5704,Volc�n Antisana
-16.74166,-66.88833,4480,Cumbre Salto del Fraile
-5.07916,-78.70083,2868,Pt. 2868
-44.75583,-72.425,2000,Cerro Elefantes
5.37,-62.07916,2675,Chimata Tepuy
-9.51583,-77.31,6369,Huantsan
-22.05916,-68.22833,5960,Cerro Paniri
-0.1775,-78.59916,4794,Cerro Guagua Pichincha
6.4625,-73.44416,3420,Cordillera de los Cobardes
4.7825,-76.495,2820,Cerro Torra
-43.88833,-72.185,2286,Cerro Barros Arana
-52.79833,-73.0925,1640,Gran Campo Nevado
-24.3075,-66.73333,6140,Nevado Queva
-49.96083,-73.45083,3200,Cerro Roma
-45.73583,-72.44916,1910,Cerro Huemules
-47.5425,-72.94166,1780,Cordon los Nadis
-44.69666,-73.07583,1620,Monte Mentolat
-32.30416,-69.68083,5680,Cerro del Tambillo
-19.8325,-67.64583,5321,Cerro Tunupa
-34.91833,-69.99416,4999,Cerro Risco Plateado
-47.675,-72.25166,2943,Cerro Penitentes
-43.19416,-72.79416,2300,Volc�n Corcovado
-42.1625,-71.83416,2230,Cerro Aguja Sur
-42.95583,-71.66166,2250,Cerro Situaci�n
-23.2925,-67.6175,6046,Cerro Pili
-19.14583,-68.69833,5869,Cerro Carabaya
-21.2925,-67.9675,5830,Cerro Tomasamil
-11.90583,-75.0525,5567,Cerro Jallacate
7.1025,-75.96916,3730,Cerro Paramillo
-50.535,-73.3575,2850,Cerro Pietrobelli
-39.93166,-72.03,2422,Volc�n Choshuenco
-47.2975,-73.11166,2200,Cerro Puno
0.96,-63.34,1780,Tulu Tuloi II
-5.5325,-79.245,3970,Cerro Bravo
-21.44833,-68.07083,5900,Callej�n Ca�apa
-25.35083,-67.64666,5810,Cerro Tebenquicho
0.95583,-77.88666,4760,Nevado de Cumbal
-35.2725,-70.58166,4084,Volc�n Peteroa
-39.42083,-71.93916,2860,Volc�n Villarrica
-9.45166,-74.67833,2450,Pico Sira
4.56916,-64.35666,2395,Meseta del Cerro Jaua
7.70166,-77.7275,1730,Alto de Nique
-29.58916,-69.44916,6122,Colang�il
-20.91833,-66.03583,5520,Cerro Chorolque
-1.47,-78.445,5016,Volc�n Tungurahua
-0.54083,-77.62666,3790,Volc�n Sumaco
9.5275,-70.11333,3560,Pico el Turmal
-42.37194,-71.76666,2480,Cerro Anexo
-47.05333,-73.06583,2150,Cordon Soler
-45.84666,-72.20916,1995,Cerro de la Paloma
-45.19833,-72.26333,1830,Pt. 1830
-48.10416,-73.38,1580,Peninsula Videau HP
-43.26416,-71.74416,2271,Cerro Conico
3.935,-74.11,4250,Paramo el Nevado
-27.3,-68.80833,6239,Tres Quebradas 
-14.65333,-69.22833,6044,Chaupi Orco
11.11277,-74.03388,2866,Cuchilla San Lorenzo
-47.42583,-73.1875,2300,Cerro Desfiladero
-51.37916,-72.84916,1590,Cerro Tenerife
-49.32083,-74.5025,1520,Isla Wellington HP
-52.325,-73.38,1520,Monte Burney
-8.685,-77.79083,5735,Nevado Champara
0.26083,-78.18083,4634,Cerro Imbabura
-19.54166,-64.66,4284,Cerro Photulo Punta
-38.38083,-71.58666,2865,Volc�n Lonquimay
-26.06583,-64.89166,2480,Cerro Castillejos
-42.79916,-72.44583,2450,Volc�n Minchinmavida
-44.07111,-72.01694,2010,Tres Hermanos
-48.46916,-72.39166,2200,Sierra de Sangra
10.3225,-70.63083,2100,Cerro el Cerron
-27.03333,-68.29583,6621,Cerro de Incahuasi
-45.57916,-72.33,1810,Cerro Cuatro Puntas
-51.64583,-72.8575,1538,Cerro Monumento Moore
-1.66333,-78.40916,5319,Cerro Altar
-33.10333,-70.06583,6070,Nevado el Plomo
0.0425,-91.33722,1707,Volc�n Wolf
-0.92833,-91.40944,1689,Volc�n Cerro Azul
-0.35361,-91.52416,1494,Volc�n La Cumbre
67.58138,128.14027,2409,Khrebet Orulgan HP
68.3575,140.07694,2021,Khrebet Saltaga-Tas HP
61.88805,171.1675,2453,Ledyakaya
65.17555,146.0075,3003,Pik Pobeda
65.28361,141.80111,2690,Gora Chen
66.59361,144.77638,2480,Momskiy Khrebet HP
65.21472,149.08,2400,Arga-Tas HP
62.60333,140.93916,2959,Pik Mus-Khaya
61.6,142.83472,2615,Hakandya
67.81666,178.29,1887,Chantalskiy Khrebet HP
46.85305,-121.76027,4392,Mt. Rainier
36.57861,-118.29194,4418,Mt. Whitney
41.40888,-122.19472,4317,Mt. Shasta
39.11777,-106.44527,4399,Mt. Elbert
48.77666,-121.81444,3286,Mt. Baker
33.81472,-116.67944,3304,San Jacinto Peak
34.09944,-116.825,3506,San Gorgonio Mtn.
36.27166,-115.69555,3633,Charleston Peak
46.2025,-121.49111,3742,Mt. Adams
47.80138,-123.71083,2429,Mt. Olympus
45.37361,-121.69583,3426,Mt. Hood
38.98583,-114.31388,3982,Wheeler Peak
48.11194,-121.11305,3213,Glacier Peak
37.63416,-118.25583,4342,White Mtn. Peak
43.18444,-109.65416,4208,Gannett Peak
44.38194,-107.17416,4013,Cloud Peak
43.74111,-110.8025,4197,Grand Teton
45.245,-117.29277,2999,Sacajawea Peak
40.77638,-110.37277,4123,Kings Peak
32.70166,-109.87194,3267,Mt. Graham
34.355,-117.64611,3068,Mt. San Antonio
36.16972,-117.08916,3367,Telescope Peak
38.43861,-109.22916,3877,Mt. Peale
44.27027,-71.30333,1917,Mt. Washington
35.76472,-82.265,2037,Mt. Mitchell
35.34638,-111.67805,3851,Humphreys Peak
44.1375,-113.78111,3859,Borah Peak
38.75194,-116.92666,3640,Mt. Jefferson
38.10888,-110.81361,3512,Mt. Ellen
40.45944,-112.62638,3362,Deseret Peak
44.67416,-121.79944,3200,Mt. Jefferson
41.02111,-114.07722,3266,Pilot Peak
46.01805,-110.27666,3417,Crazy Peak
47.3825,-113.91888,2993,McDonald Peak
44.10333,-121.76916,3157,South Sister
33.37416,-105.80861,3649,Sierra Blanca Peak
38.84111,-105.04277,4301,Pikes Peak
39.82166,-111.76027,3636,Mt. Nebo
48.22305,-115.68916,2663,Snowshoe Peak
39.41305,-114.59972,3622,North Schell Peak
40.5225,-118.17083,2998,Star Peak
36.65777,-115.20083,3021,Hayford Peak
44.14138,-113.08277,3718,Diamond Peak
40.3725,-112.18888,3237,Flat Top Mtn.
47.475,-120.90222,2870,Mt. Stuart
37.5775,-105.48555,4372,Blanca Peak
40.39194,-111.64638,3581,Mt. Timpanogos
39.82805,-113.91972,3691,Ibapah Peak
40.48805,-121.50472,3187,Lassen Peak
48.92472,-113.84777,3190,Mt. Cleveland
38.83277,-117.35305,3588,Arc Dome
45.32388,-116.54833,2871,He Devil
48.92833,-117.46,2228,Abercrombie Mtn.
32.44277,-110.78833,2791,Mt. Lemmon
31.84638,-109.29111,2975,Chiricahua Peak
41.32,-122.48,2751,Mt. Eddy
31.39277,-110.29305,2885,Miller Peak
44.11277,-73.92361,1629,Mt. Marcy
39.27333,-114.19861,3678,Mt. Moriah
